{
  "version": "1",
  "cognitoConfig": {
    "identityPoolName": "hexalenergy7c0d189f_identitypool_7c0d189f",
    "allowUnauthenticatedIdentities": false,
    "resourceNameTruncated": "hexale7c0d189f",
    "userPoolName": "hexalenergy7c0d189f_userpool_7c0d189f",
    "autoVerifiedAttributes": [
      "email"
    ],
    "mfaConfiguration": "OFF",
    "mfaTypes": [
      "SMS Text Message"
    ],
    "smsAuthenticationMessage": "Your authentication code is {####}",
    "smsVerificationMessage": "Your verification code is {####}",
    "emailVerificationSubject": "Your verification code for HexalEnergy",
    "emailVerificationMessage": "Your verification code is {####}",
    "defaultPasswordPolicy": false,
    "passwordPolicyMinLength": 8,
    "passwordPolicyCharacters": [],
    "requiredAttributes": [
      "email"
    ],
    "aliasAttributes": [],
    "userpoolClientGenerateSecret": false,
    "userpoolClientRefreshTokenValidity": 30,
    "userpoolClientWriteAttributes": [
      "email"
    ],
    "userpoolClientReadAttributes": [
      "email"
    ],
    "userpoolClientLambdaRole": "hexale7c0d189f_userpoolclient_lambda_role",
    "userpoolClientSetAttributes": true,
    "sharedId": "7c0d189f",
    "resourceName": "hexalenergy7c0d189f",
    "authSelections": "identityPoolAndUserPool",
    "useDefault": "manual",
    "triggers": {},
    "userPoolGroupList": [],
    "serviceName": "Cognito",
    "usernameCaseSensitive": false,
    "useEnabledMfas": true,
    "authRoleArn": {
      "Fn::GetAtt": [
        "AuthRole",
        "Arn"
      ]
    },
    "unauthRoleArn": {
      "Fn::GetAtt": [
        "UnauthRole",
        "Arn"
      ]
    },
    "breakCircularDependency": true,
    "dependsOn": [],
    "thirdPartyAuth": false,
    "userPoolGroups": false,
    "adminQueries": false,
    "hostedUI": false,
    "authProviders": [],
    "parentStack": {
      "Ref": "AWS::StackId"
    },
    "permissions": []
  }
}