{
  "dev": {
    "awscloudformation": {
      "AuthRoleName": "amplify-hexalenergy-dev-164209-authRole",
      "UnauthRoleArn": "arn:aws:iam::677092314568:role/amplify-hexalenergy-dev-164209-unauthRole",
      "AuthRoleArn": "arn:aws:iam::677092314568:role/amplify-hexalenergy-dev-164209-authRole",
      "Region": "us-east-1",
      "DeploymentBucketName": "amplify-hexalenergy-dev-164209-deployment",
      "UnauthRoleName": "amplify-hexalenergy-dev-164209-unauthRole",
      "StackName": "amplify-hexalenergy-dev-164209",
      "StackId": "arn:aws:cloudformation:us-east-1:677092314568:stack/amplify-hexalenergy-dev-164209/a1800e50-10c1-11ed-ba0a-0acdbdb96775",
      "AmplifyAppId": "d1qcx26f33dh13"
    },
    "categories": {
      "auth": {
        "hexalenergy7c0d189f": {}
      }
    }
  }
}