{
  "providers": {
    "awscloudformation": {
      "AuthRoleName": "amplify-hexalenergy-dev-164209-authRole",
      "UnauthRoleArn": "arn:aws:iam::677092314568:role/amplify-hexalenergy-dev-164209-unauthRole",
      "AuthRoleArn": "arn:aws:iam::677092314568:role/amplify-hexalenergy-dev-164209-authRole",
      "Region": "us-east-1",
      "DeploymentBucketName": "amplify-hexalenergy-dev-164209-deployment",
      "UnauthRoleName": "amplify-hexalenergy-dev-164209-unauthRole",
      "StackName": "amplify-hexalenergy-dev-164209",
      "StackId": "arn:aws:cloudformation:us-east-1:677092314568:stack/amplify-hexalenergy-dev-164209/a1800e50-10c1-11ed-ba0a-0acdbdb96775",
      "AmplifyAppId": "d1qcx26f33dh13"
    }
  },
  "auth": {
    "hexalenergy7c0d189f": {
      "service": "Cognito",
      "providerPlugin": "awscloudformation",
      "dependsOn": [],
      "customAuth": false,
      "frontendAuthConfig": {
        "socialProviders": [],
        "usernameAttributes": [],
        "signupAttributes": [
          "EMAIL"
        ],
        "passwordProtectionSettings": {
          "passwordPolicyMinLength": 8,
          "passwordPolicyCharacters": []
        },
        "mfaConfiguration": "OFF",
        "mfaTypes": [
          "SMS"
        ],
        "verificationMechanisms": [
          "EMAIL"
        ]
      },
      "providerMetadata": {
        "s3TemplateURL": "https://s3.amazonaws.com/amplify-hexalenergy-dev-164209-deployment/amplify-cfn-templates/auth/hexalenergy7c0d189f-cloudformation-template.json",
        "logicalId": "authhexalenergy7c0d189f"
      },
      "lastPushTimeStamp": "2022-08-01T07:05:55.702Z",
      "output": {
        "UserPoolId": "us-east-1_FMoHocbNJ",
        "AppClientIDWeb": "6bl6hf6m6g04foh7hbtgtq41rq",
        "AppClientID": "1himejqb2aqcen3j011u4rupkh",
        "IdentityPoolId": "us-east-1:08a51553-a756-4d8c-88fe-7103457ee16f",
        "UserPoolArn": "arn:aws:cognito-idp:us-east-1:677092314568:userpool/us-east-1_FMoHocbNJ",
        "IdentityPoolName": "hexalenergy7c0d189f_identitypool_7c0d189f__dev",
        "UserPoolName": "hexalenergy7c0d189f_userpool_7c0d189f"
      },
      "lastPushDirHash": "RhlLuKmWiiyu826cmaJO0StWm10="
    }
  }
}